"File","Status","Url","Bytes","Error"
"APTEC_CMYKOGV_Coated_LinearCTV_2025.icc","Downloaded","https://registry.color.org/profile-registry/profiles/APTEC_CMYKOGV_Coated_LinearCTV_2025.icc","8036104",""
"APTEC_Flexo_Coated_LinearCTV_2025.icc","Downloaded","https://registry.color.org/profile-registry/profiles/APTEC_Flexo_Coated_LinearCTV_2025.icc","2675420",""
"APTEC_Flexo_Label_LinearCTV_2025.icc","Downloaded","https://registry.color.org/profile-registry/profiles/APTEC_Flexo_Label_LinearCTV_2025.icc","2675412",""
"APTEC_Flexo_PVC_LinearCTV_2025.icc","Downloaded","https://registry.color.org/profile-registry/profiles/APTEC_Flexo_PVC_LinearCTV_2025.icc","2675408",""
"APTEC_Offset_Coated_LinearCTV_2025.icc","Downloaded","https://registry.color.org/profile-registry/profiles/APTEC_Offset_Coated_LinearCTV_2025.icc","2685584",""
"APTEC_Offset_Uncoated_LinearCTV_2025.icc","Downloaded","https://registry.color.org/profile-registry/profiles/APTEC_Offset_Uncoated_LinearCTV_2025.icc","2675436",""
"APTEC_PC10_CardBoard_2023_v1.icc","Downloaded","https://registry.color.org/profile-registry/profiles/APTEC_PC10_CardBoard_2023_v1.icc","5516020",""
"APTEC_PC11_CCNB_2023_v1.icc","Downloaded","https://registry.color.org/profile-registry/profiles/APTEC_PC11_CCNB_2023_v1.icc","5515492",""
"CGATS21_CRPC1.icc","Downloaded","https://registry.color.org/profile-registry/profiles/CGATS21_CRPC1.icc","3706180",""
"CGATS21_CRPC2.icc","Downloaded","https://registry.color.org/profile-registry/profiles/CGATS21_CRPC2.icc","3707336",""
"CGATS21_CRPC3.icc","Downloaded","https://registry.color.org/profile-registry/profiles/CGATS21_CRPC3.icc","3706392",""
"CGATS21_CRPC4.icc","Downloaded","https://registry.color.org/profile-registry/profiles/CGATS21_CRPC4.icc","3706724",""
"CGATS21_CRPC5.icc","Downloaded","https://registry.color.org/profile-registry/profiles/CGATS21_CRPC5.icc","3339888",""
"CGATS21_CRPC6.icc","Downloaded","https://registry.color.org/profile-registry/profiles/CGATS21_CRPC6.icc","3462316",""
"CGATS21_CRPC7.icc","Downloaded","https://registry.color.org/profile-registry/profiles/CGATS21_CRPC7.icc","3462496",""
"Coated_Fogra39L_VIGC_260.icc","Downloaded","https://registry.color.org/profile-registry/profiles/Coated_Fogra39L_VIGC_260.icc","8652444",""
"Coated_Fogra39L_VIGC_300.icc","Downloaded","https://registry.color.org/profile-registry/profiles/Coated_Fogra39L_VIGC_300.icc","8652444",""
"GRACoL2006_Coated1v2.icc","Downloaded","https://registry.color.org/profile-registry/profiles/GRACoL2006_Coated1v2.icc","2747956",""
"GRACoL2013_CRPC6.icc","Downloaded","https://registry.color.org/profile-registry/profiles/GRACoL2013_CRPC6.icc","3462308",""
"GRACoL2013UNC_CRPC3.icc","Downloaded","https://registry.color.org/profile-registry/profiles/GRACoL2013UNC_CRPC3.icc","3706408",""
"JapanColor2011Coated.icc","Downloaded","https://registry.color.org/profile-registry/profiles/JapanColor2011Coated.icc","1979304",""
"PSOcoated_v3.icc","Downloaded","https://registry.color.org/profile-registry/profiles/PSOcoated_v3.icc","2195228",""
"PSOsc-b_paper_v3_FOGRA54.icc","Downloaded","https://registry.color.org/profile-registry/profiles/PSOsc-b_paper_v3_FOGRA54.icc","1797836",""
"PSOuncoated_v3_FOGRA52.icc","Downloaded","https://registry.color.org/profile-registry/profiles/PSOuncoated_v3_FOGRA52.icc","2195580",""
"SC_paper_eci.icc","Downloaded","https://registry.color.org/profile-registry/profiles/SC_paper_eci.icc","1829087",""
"SNAP2007.icc","Downloaded","https://registry.color.org/profile-registry/profiles/SNAP2007.icc","718992",""
"SWOP2006_Coated3v2.icc","Downloaded","https://registry.color.org/profile-registry/profiles/SWOP2006_Coated3v2.icc","2747952",""
"SWOP2006_Coated5v2.icc","Downloaded","https://registry.color.org/profile-registry/profiles/SWOP2006_Coated5v2.icc","2747952",""
"SWOP2013C3_CRPC5.icc","Downloaded","https://registry.color.org/profile-registry/profiles/SWOP2013C3_CRPC5.icc","3339916",""
"Uncoated_Fogra47L_VIGC_260.icc","Downloaded","https://registry.color.org/profile-registry/profiles/Uncoated_Fogra47L_VIGC_260.icc","8652448",""
"Uncoated_Fogra47L_VIGC_300.icc","Downloaded","https://registry.color.org/profile-registry/profiles/Uncoated_Fogra47L_VIGC_300.icc","8652448",""
